Workbook

Sheet crisk
C1: person_age | D1: person_income | E1: person_home_ownership | F1: person_emp_length | G1: loan_intent | H1: loan_grade | I1: loan_amnt | J1: loan_int_rate | K1: loan_status | L1: loan_percent_income | M1: cb_person_default_on_file | N1: cb_person_cred_hist_length
C2: 22 | D2: 59000 | E2: RENT | F2: 123 | G2: PERSONAL | H2: D | I2: 35000 | J2: 16.02 | K2: 1 | L2: 0.59 | M2: Y | N2: 3
C3: 21 | D3: 9600 | E3: OWN | F3: 5 | G3: EDUCATION | H3: B | I3: 1000 | J3: 11.14 | K3: 0 | L3: 0.1 | M3: N | N3: 2
C4: 25 | D4: 9600 | E4: MORTGAGE | F4: 1 | G4: MEDICAL | H4: C | I4: 5500 | J4: 12.87 | K4: 1 | L4: 0.57 | M4: N | N4: 3
C5: 23 | D5: 65500 | E5: RENT | F5: 4 | G5: MEDICAL | H5: C | I5: 35000 | J5: 15.23 | K5: 1 | L5: 0.53 | M5: N | N5: 2
C6: 24 | D6: 54400 | E6: RENT | F6: 8 | G6: MEDICAL | H6: C | I6: 35000 | J6: 14.27 | K6: 1 | L6: 0.55 | M6: Y | N6: 4
C7: 21 | D7: 9900 | E7: OWN | F7: 2 | G7: VENTURE | H7: A | I7: 2500 | J7: 7.14 | K7: 1 | L7: 0.25 | M7: N | N7: 2
C8: 26 | D8: 77100 | E8: RENT | F8: 8 | G8: EDUCATION | H8: B | I8: 35000 | J8: 12.42 | K8: 1 | L8: 0.45 | M8: N | N8: 3
C9: 24 | D9: 78956 | E9: RENT | F9: 5 | G9: MEDICAL | H9: B | I9: 35000 | J9: 11.11 | K9: 1 | L9: 0.44 | M9: N | N9: 4
C10: 24 | D10: 83000 | E10: RENT | F10: 8 | G10: PERSONAL | H10: A | I10: 35000 | J10: 8.9 | K10: 1 | L10: 0.42 | M10: N | N10: 2
C11: 21 | D11: 10000 | E11: OWN | F11: 6 | G11: VENTURE | H11: D | I11: 1600 | J11: 14.74 | K11: 1 | L11: 0.16 | M11: N | N11: 3
C12: 22 | D12: 85000 | E12: RENT | F12: 6 | G12: VENTURE | H12: B | I12: 35000 | J12: 10.37 | K12: 1 | L12: 0.41 | M12: N | N12: 4
C13: 21 | D13: 10000 | E13: OWN | F13: 2 | G13: HOMEIMPROVEMENT | H13: A | I13: 4500 | J13: 8.63 | K13: 1 | L13: 0.45 | M13: N | N13: 2
... C40: 25 | D40: 75000 | E40: RENT | F40: 4 | G40: HOMEIMPROVEMENT | H40: D | I40: 30000 | J40: 16.89 | K40: 1 | L40: 0.4 | M40: Y | N40: 4
C41: 23 | D41: 71500 | E41: RENT | F41: 3 | G41: DEBTCONSOLIDATION | H41: D | I41: 30000 | K41: 1 | L41: 0.42 | M41: N | N41: 4
C42: 26 | D42: 62050 | E42: RENT | F42: 6 | G42: MEDICAL | H42: E | I42: 30000 | J42: 17.99 | K42: 1 | L42: 0.41 | M42: N | N42: 2
C43: 24 | D43: 12000 | E43: OWN | F43: 4 | G43: VENTURE | H43: B | I43: 2500 | J43: 12.69 | K43: 1 | L43: 0.21 | M43: N | N43: 3
C44: 26 | D44: 300000 | E44: MORTGAGE | F44: 10 | G44: VENTURE | H44: A | I44: 20000 | J44: 7.88 | K44: 0 | L44: 0.07 | M44: N | N44: 4
C45: 23 | D45: 300000 | E45: OWN | F45: 1 | G45: EDUCATION | H45: F | I45: 24250 | J45: 19.41 | K45: 0 | L45: 0.08 | M45: Y | N45: 2
C46: 26 | D46: 300000 | E46: OWN | F46: 9 | G46: HOMEIMPROVEMENT | H46: B | I46: 10000 | J46: 10.38 | K46: 0 | L46: 0.03 | M46: N | N46: 4
C47: 26 | D47: 300000 | E47: MORTGAGE | F47: 0 | G47: EDUCATION | H47: D | I47: 25000 | J47: 15.33 | K47: 0 | L47: 0.08 | M47: N | N47: 3
C48: 25 | D48: 300000 | E48: MORTGAGE | F48: 9 | G48: HOMEIMPROVEMENT | H48: E | I48: 18000 | J48: 16.45 | K48: 0 | L48: 0.06 | M48: N | N48: 3
C49: 26 | D49: 80690 | E49: RENT | F49: 8 | G49: PERSONAL | H49: A | I49: 30000 | J49: 7.49 | K49: 1 | L49: 0.37 | M49: N | N49: 3
C50: 22 | D50: 66300 | E50: RENT | F50: 4 | G50: MEDICAL | H50: B | I50: 30000 | J50: 12.69 | K50: 1 | L50: 0.38 | M50: N | N50: 3
C51: 26 | D51: 89028 | E51: RENT | F51: 0 | G51: DEBTCONSOLIDATION | H51: A | I51: 30000 | J51: 6.62 | K51: 1 | L51: 0.34 | M51: N | N51: 3
C52: 24 | D52: 78000 | E52: RENT | F52: 4 | G52: DEBTCONSOLIDATION | H52: D | I52: 30000 | K52: 1 | L52: 0.38 | M52: Y | N52: 4
C53: 23 | D53: 78000 | E53: RENT | F53: 7 | G53: DEBTCONSOLIDATION | H53: F | I53: 30000 | J53: 18.62 | K53: 1 | L53: 0.38 | M53: Y | N53: 3
C54: 23 | D54: 92004 | E54: RENT | F54: 6 | G54: PERSONAL | H54: C | I54: 30000 | J54: 15.23 | K54: 1 | L54: 0.33 | M54: Y | N54: 3
C55: 23 | D55: 97000 | E55: RENT | F55: 7 | G55: VENTURE | H55: B | I55: 30000 | J55: 10.65 | K55: 1 | L55: 0.31 | M55: N | N55: 2
C56: 25 | D56: 120000 | E56: RENT | F56: 9 | G56: EDUCATION | H56: A | I56: 30000 | J56: 7.9 | K56: 0 | L56: 0.25 | M56: N | N56: 4
C57: 26 | D57: 280000 | E57: RENT | F57: 4 | G57: PERSONAL | H57: C | I57: 10000 | J57: 15.96 | K57: 0 | L57: 0.04 | M57: Y | N57: 3
C58: 26 | D58: 277104 | E58: RENT | F58: 0 | G58: VENTURE | H58: B | I58: 20000 | J58: 11.48 | K58: 0 | L58: 0.07 | M58: N | N58: 3
C59: 23 | D59: 277000 | E59: OWN | F59: 3 | G59: PERSONAL | H59: A | I59: 35000 | K59: 0 | L59: 0.13 | M59: N | N59: 4
C60: 25 | D60: 128000 | E60: RENT | F60: 9 | G60: PERSONAL | H60: A | I60: 30000 | J60: 7.29 | K60: 0 | L60: 0.23 | M60: N | N60: 4
C61: 24 | D61: 12000 | E61: OWN | F61: 2 | G61: VENTURE | H61: E | I61: 1750 | K61: 0 | L61: 0.15 | M61: Y | N61: 3
C62: 21 | D62: 131000 | E62: RENT | F62: 0 | G62: VENTURE | H62: A | I62: 30000 | J62: 5.99 | K62: 0 | L62: 0.23 | M62: N | N62: 4
C63: 22 | D63: 275000 | E63: OWN | F63: 6 | G63: VENTURE | H63: B | I63: 12000 | J63: 11.58 | K63: 0 | L63: 0.04 | M63: N | N63: 2
C64: 26 | D64: 263000 | E64: MORTGAGE | F64: 0 | G64: EDUCATION | H64: B | I64: 10000 | K64: 1 | L64: 0.04 | M64: N | N64: 4
C65: 25 | D65: 221850 | E65: MORTGAGE | F65: 9 | G65: MEDICAL | H65: D | I65: 25000 | J65: 15.7 | K65: 1 | L65: 0.1 | M65: N | N65: 2
C66: 22 | D66: 70000 | E66: RENT | F66: 6 | G66: EDUCATION | H66: D | I66: 29100 | J66: 15.99 | K66: 1 | L66: 0.42 | M66: N | N66: 3
C67: 22 | D67: 12000 | E67: MORTGAGE | F67: 7 | G67: EDUCATION | H67: D | I67: 1500 | J67: 14.84 | K67: 0 | L67: 0.13 | M67: Y | N67: 3
C68: 26 | D68: 260000 | E68: OWN | F68: 10 | G68: HOMEIMPROVEMENT | H68: B | I68: 28000 | J68: 10.99 | K68: 0 | L68: 0.11 | M68: N | N68: 3
C69: 25 | D69: 259000 | E69: MORTGAGE | F69: 9 | G69: HOMEIMPROVEMENT | H69: D | I69: 20000 | J69: 14.42 | K69: 0 | L69: 0.08 | M69: Y | N69: 2
C70: 24 | D70: 255000 | E70: MORTGAGE | F70: 9 | G70: EDUCATION | H70: A | I70: 9600 | J70: 6.99 | K70: 0 | L70: 0.04 | M70: N | N70: 2
C71: 25 | D71: 250000 | E71: RENT | F71: 2 | G71: MEDICAL | H71: C | I71: 25000 | J71: 13.49 | K71: 0 | L71: 0.1 | M71: N | N71: 4
C72: 25 | D72: 12000 | E72: OWN | F72: 0 | G72: MEDICAL | H72: C | I72: 3000 | K72: 1 | L72: 0.25 | M72: N | N72: 3
C73: 22 | D73: 56950 | E73: RENT | F73: 6 | G73: MEDICAL | H73: A | I73: 28000 | K73: 1 | L73: 0.49 | M73: N | N73: 2
C74: 21 | D74: 12000 | E74: OWN | F74: 6 | G74: EDUCATION | H74: C | I74: 3000 | J74: 13.61 | K74: 1 | L74: 0.25 | M74: Y | N74: 3
C75: 23 | D75: 65000 | E75: RENT | F75: 2 | G75: EDUCATION | H75: A | I75: 28000 | J75: 7.9 | K75: 1 | L75: 0.43 | M75: N | N75: 2
C76: 26 | D76: 85000 | E76: RENT | F76: 2 | G76: VENTURE | H76: A | I76: 28000 | J76: 7.49 | K76: 1 | L76: 0.33 | M76: N | N76: 3
C77: 26 | D77: 12000 | E77: OWN | F77: 2 | G77: EDUCATION | H77: A | I77: 6100 | J77: 7.51 | K77: 1 | L77: 0.51 | M77: N | N77: 3
C78: 22 | D78: 88000 | E78: RENT | F78: 6 | G78: VENTURE | H78: B | I78: 28000 | J78: 9.91 | K78: 1 | L78: 0.32 | M78: N | N78: 3
C79: 21 | D79: 12000 | E79: OWN | F79: 0 | G79: PERSONAL | H79: C | I79: 4200 | J79: 13.48 | K79: 1 | L79: 0.35 | M79: Y | N79: 4
C80: 22 | D80: 12000 | E80: OWN | F80: 6 | G80: DEBTCONSOLIDATION | H80: A | I80: 4750 | J80: 7.14 | K80: 1 | L80: 0.4 | M80: N | N80: 2
C81: 24 | D81: 83004 | E81: RENT | F81: 0 | G81: VENTURE | H81: D | I81: 28000 | J81: 15.99 | K81: 1 | L81: 0.34 | M81: Y | N81: 4
C82: 24 | D82: 250000 | E82: RENT | F82: 2 | G82: EDUCATION | H82: C | I82: 18000 | J82: 12.98 | K82: 0 | L82: 0.07 | M82: Y | N82: 3
C83: 144 | D83: 250000 | E83: RENT | F83: 4 | G83: VENTURE | H83: C | I83: 4800 | J83: 13.57 | K83: 0 | L83: 0.02 | M83: N | N83: 3
C84: 25 | D84: 100000 | E84: RENT | F84: 5 | G84: DEBTCONSOLIDATION | H84: B | I84: 28000 | J84: 12.69 | K84: 0 | L84: 0.28 | M84: N | N84: 3
C85: 26 | D85: 110000 | E85: RENT | F85: 10 | G85: EDUCATION | H85: A | I85: 28000 | J85: 8.9 | K85: 0 | L85: 0.25 | M85: N | N85: 2
C86: 26 | D86: 12000 | E86: OWN | F86: 0 | G86: DEBTCONSOLIDATION | H86: A | I86: 2700 | K86: 1 | L86: 0.23 | M86: N | N86: 4
C87: 22 | D87: 108000 | E87: RENT | F87: 6 | G87: EDUCATION | H87: B | I87: 28000 | K87: 1 | L87: 0.26 | M87: N | N87: 4
C88: 23 | D88: 151200 | E88: RENT | F88: 7 | G88: DEBTCONSOLIDATION | H88: B | I88: 28000 | J88: 11.11 | K88: 0 | L88: 0.19 | M88: N | N88: 2
C89: 24 | D89: 69000 | E89: RENT | F89: 2 | G89: HOMEIMPROVEMENT | H89: A | I89: 27600 | K89: 1 | L89: 0.4 | M89: N | N89: 2
C90: 21 | D90: 12000 | E90: MORTGAGE | F90: 5 | G90: DEBTCONSOLIDATION | H90: E | I90: 3250 | J90: 15.68 | K90: 1 | L90: 0.27 | M90: Y | N90: 3
C91: 22 | D91: 70000 | E91: RENT | F91: 4 | G91: EDUCATION | H91: C | I91: 27500 | J91: 13.06 | K91: 1 | L91: 0.39 | M91: Y | N91: 3
C92: 22 | D92: 240000 | E92: OWN | F92: 6 | G92: PERSONAL | H92: B | I92: 25000 | K92: 0 | L92: 0.1 | M92: N | N92: 2
C93: 26 | D93: 73200 | E93: RENT | F93: 5 | G93: VENTURE | H93: D | I93: 27050 | J93: 15.62 | K93: 1 | L93: 0.37 | M93: Y | N93: 2
C94: 24 | D94: 83000 | E94: RENT | F94: 5 | G94: PERSONAL | H94: C | I94: 27000 | J94: 13.49 | K94: 1 | L94: 0.33 | M94: Y | N94: 2
C95: 24 | D95: 73399 | E95: RENT | F95: 0 | G95: VENTURE | H95: D | I95: 27000 | K95: 1 | L95: 0.37 | M95: N | N95: 3
C96: 23 | D96: 62500 | E96: RENT | F96: 7 | G96: MEDICAL | H96: B | I96: 26000 | J96: 11.71 | K96: 1 | L96: 0.42 | M96: N | N96: 2
C97: 23 | D97: 120000 | E97: RENT | F97: 1 | G97: EDUCATION | H97: B | I97: 25600 | J97: 12.69 | K97: 0 | L97: 0.21 | M97: N | N97: 3
C98: 24 | D98: 12360 | E98: OWN | F98: 2 | G98: MEDICAL | H98: C | I98: 1600 | J98: 13.57 | K98: 0 | L98: 0.13 | M98: N | N98: 3
C99: 22 | D99: 60000 | E99: RENT | F99: 0 | G99: VENTURE | H99: B | I99: 25475 | J99: 10.99 | K99: 1 | L99: 0.42 | M99: N | N99: 3
C100: 25 | D100: 234000 | E100: MORTGAGE | F100: 3 | G100: MEDICAL | H100: C | I100: 20000 | J100: 14.27 | K100: 0 | L100: 0.09 | M100: Y | N100: 4
C101: 24 | D101: 234000 | E101: OWN | F101: 8 | G101: HOMEIMPROVEMENT | H101: B | I101: 20000 | J101: 8.88 | K101: 0 | L101: 0.09 | M101: N | N101: 4
C102: 26 | D102: 234000 | E102: MORTGAGE | F102: 10 | G102: HOMEIMPROVEMENT | H102: B | I102: 21600 | J102: 12.18 | K102: 0 | L102: 0.09 | M102: N | N102: 3
C103: 25 | D103: 221004 | E103: MORTGAGE | F103: 6 | G103: DEBTCONSOLIDATION | H103: D | I103: 11900 | J103: 14.42 | K103: 1 | L103: 0.05 | M103: Y | N103: 3
C104: 26 | D104: 232500 | E104: MORTGAGE | F104: 0 | G104: MEDICAL | H104: C | I104: 25000 | J104: 14.17 | K104: 0 | L104: 0.11 | M104: Y | N104: 2
C105: 25 | D105: 230000 | E105: MORTGAGE | F105: 5 | G105: MEDICAL | H105: C | I105: 35000 | J105: 13.99 | K105: 0 | L105: 0.15 | M105: N | N105: 4
C106: 23 | D106: 83000 | E106: RENT | F106: 7 | G106: EDUCATION | H106: B | I106: 25300 | J106: 10.99 | K106: 1 | L106: 0.3 | M106: N | N106: 3
C107: 22 | D107: 12600 | E107: MORTGAGE | G107: PERSONAL | H107: A | I107: 2000 | J107: 5.42 | K107: 1 | L107: 0.16 | M107: N | N107: 4
C108: 25 | D108: 12600 | E108: OWN | F108: 3 | G108: PERSONAL | H108: C | I108: 1750 | J108: 13.61 | K108: 0 | L108: 0.14 | M108: N | N108: 3
C109: 21 | D109: 42500 | E109: RENT | F109: 3 | G109: EDUCATION | H109: C | I109: 25000 | J109: 12.73 | K109: 1 | L109: 0.59 | M109: Y | N109: 3
C110: 24 | D110: 41000 | E110: RENT | F110: 2 | G110: HOMEIMPROVEMENT | H110: D | I110: 25000 | K110: 1 | L110: 0.61 | M110: N | N110: 3
C111: 25 | D111: 12816 | E111: OWN | F111: 0 | G111: DEBTCONSOLIDATION | H111: C | I111: 3000 | J111: 12.87 | K111: 1 | L111: 0.23 | M111: Y | N111: 4
C112: 24 | D112: 12960 | E112: MORTGAGE | F112: 1 | G112: HOMEIMPROVEMENT | H112: B | I112: 3650 | J112: 9.91 | K112: 1 | L112: 0.28 | M112: N | N112: 3
C113: 26 | D113: 226000 | E113: MORTGAGE | F113: 4 | G113: HOMEIMPROVEMENT | H113: B | I113: 20000 | J113: 11.49 | K113: 0 | L113: 0.09 | M113: N | N113: 4
C114: 25 | D114: 225000 | E114: MORTGAGE | F114: 0 | G114: HOMEIMPROVEMENT | H114: E | I114: 30000 | J114: 19.91 | K114: 0 | L114: 0.13 | M114: Y | N114: 2
C115: 26 | D115: 213000 | E115: MORTGAGE | F115: 6 | G115: EDUCATION | H115: B | I115: 35000 | J115: 10.65 | K115: 1 | L115: 0.16 | M115: N | N115: 2
C116: 24 | D116: 225000 | E116: RENT | F116: 0 | G116: MEDICAL | H116: B | I116: 6000 | K116: 0 | L116: 0.03 | M116: N | N116: 4
C117: 24 | D117: 12960 | E117: MORTGAGE | F117: 0 | G117: DEBTCONSOLIDATION | H117: B | I117: 4500 | J117: 11.83 | K117: 1 | L117: 0.35 | M117: N | N117: 4
C118: 23 | D118: 12996 | E118: OWN | F118: 0 | G118: DEBTCONSOLIDATION | H118: C | I118: 2400 | J118: 13.49 | K118: 1 | L118: 0.18 | M118: Y | N118: 2
C119: 22 | D119: 42000 | E119: RENT | F119: 6 | G119: MEDICAL | H119: D | I119: 25000 | J119: 14.59 | K119: 1 | L119: 0.6 | M119: Y | N119: 2
C120: 26 | D120: 48000 | E120: RENT | F120: 2 | G120: EDUCATION | H120: B | I120: 25000 | J120: 9.64 | K120: 1 | L120: 0.52 | M120: N | N120: 4
C121: 25 | D121: 12996 | E121: OWN | F121: 1 | G121: MEDICAL | H121: D | I121: 3600 | J121: 14.59 | K121: 1 | L121: 0.28 | M121: N | N121: 3
C122: 22 | D122: 12996 | E122: OWN | F122: 1 | G122: EDUCATION | H122: B | I122: 4750 | K122: 1 | L122: 0.37 | M122: N | N122: 3
C123: 25 | D123: 42360 | E123: RENT | F123: 1 | G123: EDUCATION | H123: E | I123: 25000 | J123: 16.35 | K123: 1 | L123: 0.59 | M123: Y | N123: 3
C124: 21 | D124: 49000 | E124: RENT | F124: 4 | G124: EDUCATION | H124: B | I124: 25000 | J124: 10.99 | K124: 1 | L124: 0.51 | M124: N | N124: 2
C125: 25 | D125: 225000 | E125: MORTGAGE | F125: 0 | G125: VENTURE | H125: F | I125: 25000 | J125: 18.67 | K125: 0 | L125: 0.11 | M125: N | N125: 2
C126: 26 | D126: 225000 | E126: RENT | F126: 1 | G126: EDUCATION | H126: A | I126: 3000 | J126: 9.32 | K126: 0 | L126: 0.01 | M126: N | N126: 4
...

Sheet Statistical-formulas
A1: Description | B1: Function | C1: person_age | D1: person_income | E1: person_home_ownership | F1: person_emp_length | G1: loan_intent | H1: loan_grade | I1: loan_amnt | J1: loan_int_rate | K1: loan_status | L1: loan_percent_income | M1: cb_person_default_on_file | N1: cb_person_cred_hist_length
A2: Minimum | B2: MIN | C2: =MIN(crisk!C:C) -> 20 | D2: =MIN(crisk!D:D) -> 4000 | F2: =MIN(crisk!F:F) -> 0 | I2: =MIN(crisk!I:I) -> 500 | J2: =MIN(crisk!J:J) -> 5.42 | K2: =MIN(crisk!K:K) -> 0 | L2: =MIN(crisk!L:L) -> 0 | N2: =MIN(crisk!N:N) -> 2
A3: Maximum | B3: MAX | C3: =MAX(crisk!C:C) -> 144 | D3: =MAX(crisk!D:D) -> 6000000 | F3: =MAX(crisk!F:F) -> 123 | I3: =MAX(crisk!I:I) -> 35000 | J3: =MAX(crisk!J:J) -> 23.22 | K3: =MAX(crisk!K:K) -> 1 | L3: =MAX(crisk!L:L) -> 0.83 | N3: =MAX(crisk!N:N) -> 30
A4: Mean | B4: AVERAGE | C4: =AVERAGE(crisk!C:C) -> 27.7346 | D4: =AVERAGE(crisk!D:D) -> 66074.848 | F4: =AVERAGE(crisk!F:F) -> 4.7896863 | I4: =AVERAGE(crisk!I:I) -> 9589.3711 | J4: =AVERAGE(crisk!J:J) -> 11.011695 | K4: =AVERAGE(crisk!K:K) -> 0.21816396 | L4: =AVERAGE(crisk!L:L) -> 0.17020349 | N4: =AVERAGE(crisk!N:N) -> 5.804211
A5: Median | B5: PERCENTILE | C5: =PERCENTILE(crisk!C:C, 0.5) -> 26 | D5: =PERCENTILE(crisk!D:D, 0.5) -> 55000 | F5: =PERCENTILE(crisk!F:F, 0.5) -> 4 | I5: =PERCENTILE(crisk!I:I, 0.5) -> 8000 | J5: =PERCENTILE(crisk!J:J, 0.5) -> 10.99 | K5: =PERCENTILE(crisk!K:K, 0.5) -> 0 | L5: =PERCENTILE(crisk!L:L, 0.5) -> 0.15 | N5: =PERCENTILE(crisk!N:N, 0.5) -> 4
A6: Nth Smallest | B6: SMALL | C6: =SMALL(crisk!C:C, 50) -> 21 | D6: =SMALL(crisk!D:D, 50) -> 9600 | F6: =SMALL(crisk!F:F, 50) -> 0 | I6: =SMALL(crisk!I:I, 50) -> 1000 | J6: =SMALL(crisk!J:J, 50) -> 5.42 | K6: =SMALL(crisk!K:K, 50) -> 0 | L6: =SMALL(crisk!L:L, 50) -> 0.01 | N6: =SMALL(crisk!N:N, 50) -> 2
A7: Nth Largest | B7: LARGE | C7: =LARGE(crisk!C:C, 100) -> 58 | D7: =LARGE(crisk!D:D, 100) -> 360000 | F7: =LARGE(crisk!F:F, 100) -> 21 | I7: =LARGE(crisk!I:I, 100) -> 35000 | J7: =LARGE(crisk!J:J, 100) -> 19.69 | K7: =LARGE(crisk!K:K, 100) -> 1 | L7: =LARGE(crisk!L:L, 100) -> 0.56 | N7: =LARGE(crisk!N:N, 100) -> 26
A8: Q1 (25% Percentile) | B8: PERCENTILE | C8: =PERCENTILE(crisk!C:C, 0.25) -> 23 | D8: =PERCENTILE(crisk!D:D, 0.25) -> 38500 | F8: =PERCENTILE(crisk!F:F, 0.25) -> 2 | I8: =PERCENTILE(crisk!I:I, 0.25) -> 5000 | J8: =PERCENTILE(crisk!J:J, 0.25) -> 7.9 | K8: =PERCENTILE(crisk!K:K, 0.25) -> 0 | L8: =PERCENTILE(crisk!L:L, 0.25) -> 0.09 | N8: =PERCENTILE(crisk!N:N, 0.25) -> 3
A9: Q3 (75% Percentile) | B9: PERCENTILE | C9: =PERCENTILE(crisk!C:C, 0.75) -> 30 | D9: =PERCENTILE(crisk!D:D, 0.75) -> 79200 | F9: =PERCENTILE(crisk!F:F, 0.75) -> 7 | I9: =PERCENTILE(crisk!I:I, 0.75) -> 12200 | J9: =PERCENTILE(crisk!J:J, 0.75) -> 13.47 | K9: =PERCENTILE(crisk!K:K, 0.75) -> 0 | L9: =PERCENTILE(crisk!L:L, 0.75) -> 0.23 | N9: =PERCENTILE(crisk!N:N, 0.75) -> 8
A10: 10th Percentile | B10: PERCENTILE | C10: =PERCENTILE(crisk!C:C, 0.1) -> 22 | D10: =PERCENTILE(crisk!D:D, 0.1) -> 28590 | F10: =PERCENTILE(crisk!F:F, 0.1) -> 0 | I10: =PERCENTILE(crisk!I:I, 0.1) -> 3000 | J10: =PERCENTILE(crisk!J:J, 0.1) -> 6.91 | K10: =PERCENTILE(crisk!K:K, 0.1) -> 0 | L10: =PERCENTILE(crisk!L:L, 0.1) -> 0.05 | N10: =PERCENTILE(crisk!N:N, 0.1) -> 2
A11: 90th Percentile | B11: PERCENTILE | C11: =PERCENTILE(crisk!C:C, 0.9) -> 36 | D11: =PERCENTILE(crisk!D:D, 0.9) -> 110004 | F11: =PERCENTILE(crisk!F:F, 0.9) -> 10 | I11: =PERCENTILE(crisk!I:I, 0.9) -> 19000 | J11: =PERCENTILE(crisk!J:J, 0.9) -> 15.298 | K11: =PERCENTILE(crisk!K:K, 0.9) -> 1 | L11: =PERCENTILE(crisk!L:L, 0.9) -> 0.32 | N11: =PERCENTILE(crisk!N:N, 0.9) -> 11
A13: FREQUENCY
A14: Count Observations | B14: COUNT | C14: =COUNT(crisk!C:C) -> 32581 | D14: =COUNT(crisk!D:D) -> 32581 | F14: =COUNT(crisk!F:F) -> 31686 | I14: =COUNT(crisk!I:I) -> 32581 | J14: =COUNT(crisk!J:J) -> 29465 | K14: =COUNT(crisk!K:K) -> 32581 | L14: =COUNT(crisk!L:L) -> 32581 | N14: =COUNT(crisk!N:N) -> 32581
A15: Count Missing Obs | B15: COUNTBLANK | C15: =COUNTBLANK(crisk!C1:C32582) -> 0 | D15: =COUNTBLANK(crisk!D1:D32582) -> 0 | F15: =COUNTBLANK(crisk!F1:F32582) -> 895 | I15: =COUNTBLANK(crisk!I1:I32582) -> 0 | J15: =COUNTBLANK(crisk!J1:J32582) -> 3116 | K15: =COUNTBLANK(crisk!K1:K32582) -> 0 | L15: =COUNTBLANK(crisk!L1:L32582) -> 0 | N15: =COUNTBLANK(crisk!N1:N32582) -> 0
A16: Conditional Count | B16: COUNTIF
B17: RENT | E17: =COUNTIF(crisk!E:E, "RENT") -> 16446
B18: OWN | E18: =COUNTIF(crisk!E:E, "OWN") -> 2584
B19: MORTAGE | E19: =COUNTIF(crisk!E:E, "MORTGAGE") -> 13444
B20: OTHER | E20: =COUNTIF(crisk!E:E, "OTHER") -> 107
E21: =SUM(E17:E20)-D14 -> 0
B23: COUNTIFS | E23: =COUNTIFS(crisk!E:E, "RENT", crisk!G:G, "PERSONAL", crisk!H:H, "A") -> 685
